wind_speed,air_density,rotor_radius,temperature,power_output
11.239882614641974,1.137026585767724,30.46822734943624,23.6351497104449,2667153.4717399236
23.915714741018157,1.2083801894756716,29.879151962879995,29.834069859568615,23905778.32154073
19.103866719850913,1.2745891671752818,56.250183220841464,2.523394939624948,41488630.99528096
16.170486652334805,1.2464449772819122,29.981847993980246,21.243704980349946,7781093.802806723
6.432410089733604,1.26131222957229,30.87798904514524,18.587299157187434,479679.83274400735
6.431879447396458,1.2317566733421434,50.37593049671855,31.641518839413557,1215737.1271833081
4.277839467700388,1.2384553129035705,37.9895936980216,35.304353024063026,194416.0403206596
22.055875207048572,1.2698391303130638,51.06842227820725,-9.39216142613066,46036682.33612413
16.224530258350594,1.1499336017718373,22.61464630257541,23.700995952939635,3791538.5115176626
18.577596711513003,1.1978849927286281,39.50284774693537,-7.408210044013549,19123654.937005874
3.452858874507654,1.1442418883639205,21.344544007331304,17.442933253867796,33383.45248931126
24.338016747563874,1.2975336015993295,22.50612813821418,4.38163645218391,14264085.235765671
21.313738097609278,1.2888118679373226,56.25749813377644,5.338829976107061,56169657.78027905
7.671460434922075,1.1078853622737013,25.569814844703807,7.647925172617828,544938.6438231468
7.000149278556213,1.2411150345031379,41.29682729100868,21.064622452480506,990262.642370828
7.034899216775544,1.2850496634831332,36.443824104028266,6.702498283438459,1005819.4297108648
9.69332934510983,1.1361150690254669,33.8937330503537,26.634952529514017,1680101.1415950644
14.544641495909232,1.2135890461105259,55.9933338274909,10.226369278693486,17005939.173929747
12.502790410126547,1.2830976595176085,20.87293587101958,-6.582339984502069,1464469.053284104
9.407041084356923,1.1067891957171598,46.551587447023564,29.187992124205365,2979013.025726455
16.46076368389235,1.239484053449368,58.535777368542014,4.2879162296353,32656559.98996989
6.06886493434492,1.1594698014745102,42.40672733847368,11.638343979963132,769850.6289205735
9.4271822677748,1.284879239075306,57.472898481323675,24.27219416109508,6131885.347974205
11.059960552461217,1.2942116490330735,22.09031517144095,6.6228078574356,1412192.565495191
13.03353965277479,1.2888532978226868,36.751732762966455,-7.170717192664219,5386132.454780195
20.2738711506463,1.1948428433314928,30.406311638482045,8.69605235064068,13981675.610510482
7.392823207483914,1.2724085301978627,49.23283859922919,37.22242913471517,1804715.319314666
14.313157645099455,1.2689098797070142,59.25188361988987,22.086719864927908,23249482.37107656
16.033120514964935,1.1638200946486512,30.26120249776991,23.57395743336035,6073980.478808399
4.02190907983995,1.2657830948301356,46.16698405896298,21.614107681881993,300340.7368148675
16.365986741831644,1.1074015269430986,27.923905310389607,-0.05039305202816102,6476637.019118932
6.751530721120414,1.2192539756964107,42.61321018286439,10.916693205114008,1266135.2724869617
4.431135045676149,1.1460017674575407,38.55729946753345,27.546989918165913,223303.81336883633
23.87548181957333,1.124113377155456,58.88021318526148,-4.931355122342042,89250118.11618547
24.243904727640306,1.115390640325842,44.341090907858664,3.892638804485614,60287060.38047548
20.784741658562144,1.239257755175628,33.98025488347275,3.8159554232926816,18935670.788634688
9.701502921814155,1.1679749927536134,24.563831395517333,11.6009463797253,855633.1275724203
5.148786508140445,1.2449533543057523,26.04987314939738,39.01843704710925,147080.2394139498
18.05312658326745,1.1130712681597885,29.012677198049403,-6.624872665808903,9276308.298313454
12.683354862271228,1.1630580675661222,30.03866645361192,15.935049719029752,2730062.0128365317
5.684841166585134,1.2078982584750675,54.024642313645515,-1.0317658993894767,979514.1800123879
13.893892022447943,1.2581446329677928,42.44891153130099,38.53382727048721,9968826.490172265
3.7565474645348047,1.1637505005864142,40.935636454974656,-4.33482476362679,165393.33787418852
23.005048845733207,1.2251782752874019,24.5907548747687,10.180050118079564,14771580.336562965
8.693159595200372,1.2771955496472374,54.4055877339774,26.894249241730307,3987910.8019637703
17.575490255787603,1.223172637636461,48.91257212833935,25.227721401372264,28147278.57991227
9.85764367396704,1.1465918949507268,22.706734476000065,11.136431844696613,804812.7723500286
14.441496465911838,1.1048801563113078,48.313403889190745,7.326208397635913,11375299.22009308
15.027626145552151,1.274019774780186,41.741528693705845,9.880618927643528,10918939.066871444
7.066798021561595,1.1042538821700776,23.26901382987113,3.2138131579319644,358962.3932295408
24.330861810820288,1.27494033453684,38.33202566114626,0.26664693533999007,46200655.083136365
20.05292211394452,1.2057874268054425,39.38785148520188,14.1519848779445,24763693.68292456
23.66897671441216,1.2878135397025794,26.63098160653103,3.426687803380366,21274685.880637117
22.686201709408273,1.2597566471547332,57.82792588001129,4.3730832448625065,68160407.18738165
16.153799533843873,1.2995868221066675,53.99901485922648,22.837803173727856,29274430.611850496
23.28123317050857,1.170142363090342,46.76089349316433,38.42686658499461,58440870.75704799
4.946835045142229,1.2534376577862254,38.491822440024286,20.181860027968753,379113.3351990557
7.311622973221194,1.1803861827218485,36.47062166338034,-6.151026646751686,1135751.4466586472
3.9950003560318375,1.1959751240607819,46.038938686038165,-6.220819307296651,211828.77497639792
10.157267276791815,1.225501092643674,41.81727477627622,37.5711610422783,3342567.5107229324
11.550900373168604,1.2747354228372678,22.490924235275426,4.8645395153666815,1446216.291364645
8.96967869902571,1.296816693839859,40.500105950813264,-5.396650695876229,2585211.9830756173
21.232225201342445,1.2536546827729036,52.25614468931358,19.952229357519077,46065445.658087835
10.848573187258964,1.1835533564334668,38.369595103878325,21.182438914513305,3759336.311272381
9.180559213122377,1.184271400455414,22.078263102170737,22.42524100593441,797791.2680908111
14.939313829481467,1.2475164603177784,51.451127975361324,3.3701013928770642,18498518.23736119
6.100332949444779,1.1477554291536605,28.054551285438976,-9.244465789276248,331274.5379515329
20.648333576588872,1.122094822626279,30.34483339552155,38.25076847272359,12876601.6378613
4.640114160954958,1.1709244315281553,26.588254137291834,2.5446522845551236,118900.83865017566
24.711512605211382,1.1574477983308165,33.2086025948599,23.801314402627376,34037549.94109052
19.989384924526462,1.1592616240911982,50.2700602275454,25.331493493935476,39619680.94826395
7.371744993751793,1.1467215502099821,40.77543438015749,20.500370853974285,1195055.413215147
3.121486576719253,1.1084186379272725,28.195250966028503,5.645369710682411,40338.55224701663
20.940151426006352,1.1035747869466828,55.113203126081636,3.554812688203288,38553081.88046912
18.550861564647576,1.2975444779472063,55.18327419806117,19.883414135135155,35380121.12206223
19.03815769690172,1.1855546267471726,54.82313700184028,33.304781680584576,46005258.58650263
19.967947627090805,1.1768653294319364,29.55184845526157,37.33668644616978,11207533.078618873
4.628982338149988,1.235929456538614,38.04957376723952,-4.704709779812118,284067.623019898
10.886246027973996,1.143650777573013,59.39958624563501,-2.2585693701140075,9001213.549923677
5.549119309552854,1.2899922367900452,50.880499052399614,37.236812939153985,783872.7014137415
21.988275369263057,1.2572690028831104,21.086696849022392,26.82676141673963,9507960.82517796
16.712558790206273,1.117882200462452,22.608183650419683,34.149691241488654,4582586.5103037
10.279756546758282,1.1835161551569857,38.55725507249331,0.1316317067671573,3006057.424479056
4.39828370629252,1.275823661512433,56.368808234462406,19.379293555470092,697208.3972897965
9.841611077744568,1.2889464044582821,41.54807191810857,25.056979720873684,2775703.710397371
10.154033084588434,1.193480302249974,39.91250032137161,24.00559427234863,3457593.413191979
19.05133592343741,1.2226822778421416,24.21894799826522,10.407584543334906,7655085.861434556
17.02626436981469,1.1334067892184152,46.271204188971765,-9.230255415434577,20266489.769782107
22.518680336679182,1.2982337252273954,52.88412642400902,19.146302840213156,67999718.20160018
13.388728353562884,1.1463343402766888,35.216800300302495,2.6550769589804375,4966847.230611552
5.631073410642637,1.2885463548270253,51.0244740370131,12.512712307144518,962461.996242881
18.69138531890589,1.2299293297984737,58.57906615603247,37.879050754190864,35248914.65872694
19.737271069571744,1.221547358975772,28.150658365107564,9.951765882121737,12396740.622470394
15.348098346528918,1.2025377022033017,40.93318524778965,31.990080333221336,11784005.885470664
19.96127795900034,1.1461339623435518,31.485518323383022,-0.5729697125374429,15101807.015804213
13.863503120016595,1.1353056064011018,51.71417676135357,23.62302490125144,14052450.908842778
14.500122246403869,1.1440972418140352,43.1037346352463,38.85034772194717,10553746.820526067
12.405902403888092,1.1372876524288509,45.383296702012146,-4.905344956353161,7129378.105864463
3.5592207883700944,1.2559168947133508,51.916566384635765,-9.584002888640399,218625.8204479433
5.373611393852698,1.1700250518333462,35.8388189064982,11.679139631630719,340199.0273646504
3.6914420851081537,1.1115685353126794,56.60360273628173,-5.36872584743164,314800.7682658573
17.00102904780317,1.2938205260281623,41.3211546898456,27.419217483811565,19500750.41985023
9.915831583679186,1.276757176992685,26.31819291341392,35.727433192427945,1322091.8637216308
14.18855520562346,1.2855504566390425,47.835964726752096,11.701048635437942,13259461.707695749
22.966462426374047,1.298981564529287,51.73045401753018,2.9355821077720474,60161530.580890484
8.484429041275249,1.1347790498438974,32.670467082701066,11.72016595033049,1298285.1397335294
12.028424306783855,1.1792484037805318,54.28717027995012,26.172390892500047,10132663.850605773
19.622125047947073,1.2516476951408184,56.24573019063065,-9.54729192098145,56113560.08298239
8.033559640815694,1.2392041236107585,31.076179495112356,19.472699474234858,889030.6261047788
4.693558016233446,1.130779181267971,59.34085890860888,20.664584244368953,622267.1928632644
9.374531964102896,1.2631666249981235,25.628461121950338,21.884412344796775,1098528.6150295488
6.546868319588097,1.1448881143673322,28.0806267360996,2.101103999043861,423646.63994920516
23.453348351536608,1.1447635229645248,27.368993569521045,25.702636168906338,17001963.27985997
20.77864835041717,1.2073948845786828,55.75958840031482,-5.43042568341118,48282540.00834904
16.934882643229315,1.2185879869683407,46.17170209299847,-0.03648317665996004,21565532.639398932
22.17213298412979,1.2160172415675623,26.084171328890914,33.873502332724094,15187171.652509103
20.680785691780518,1.118297367479551,37.612936734733964,26.936157536328317,19967182.62327903
7.104541295492789,1.2754921725260762,44.61192100279208,-9.312722299432737,1623722.1931553944
22.636297966779512,1.1531200085177413,23.33856339957533,2.4188130184900096,12782615.60692494
14.865529322144315,1.1259029842565609,55.29665473629355,0.7203241496582287,18003349.171689574
20.763683413609375,1.2777496159737955,52.14414141766141,3.540316401848628,49241704.69656662
22.714008598316852,1.2911302996459506,40.20827094306553,2.377988513994321,40552867.64678973
9.996076449381006,1.2724255234530901,58.685064610366815,-6.873685212857713,6282918.053447497
5.421142339608888,1.2619032149449756,36.71043917100398,12.947025829841017,426874.105800867
8.014573575922718,1.2310483961278045,59.36441276145991,26.636673739308257,2753127.887613967
12.396371349777638,1.210171474121828,46.71679995214508,20.33658623587182,8595756.168070223
20.996324850294847,1.1173973519822822,45.38685093015766,23.64358342990399,28241195.104304176
21.936072831639557,1.1816906426141398,26.6381958118314,-5.942541073188043,15993256.251859087
3.1529468716861953,1.1745377034024629,55.27711033218576,37.57453550883936,170863.20239342592
14.236440656706446,1.1519507567520653,37.099587516824606,31.92459169215124,7034041.987812716
12.183042069273139,1.244684022737717,26.489336231299173,30.254515924783135,2325053.688108577
7.886371830356065,1.1991751470157541,20.50430079903036,31.149190252088374,377251.6160661336
5.6370380813410215,1.1162092431815296,42.3902273455353,36.63552540663807,644406.8342907147
10.427533770879815,1.1440366403899624,41.095984884907054,17.212698305684885,2585056.581894764
23.74401348607542,1.2366517527319192,48.774144894766344,0.014100893381295165,69759162.95368414
10.110464504456615,1.11522617189806,55.610322120712084,20.839180392627057,5788212.835644462
14.413393678354055,1.2702413828097538,23.17626338572118,27.14407468339695,2821809.6892770207
18.466417095693913,1.199029305402795,49.259859613614495,26.89586966770127,25684845.61437367
10.999851252344467,1.1961173154653297,27.49647776390329,16.072451208344006,2207582.4204096934
24.379205819861134,1.2184815569319036,54.327082126286555,-6.577064033321097,74113001.43753049
24.173840488726448,1.2649361931850298,52.76254055446624,8.55564692150639,69128267.2089175
8.53921050815801,1.1695618415804387,41.631750199421774,36.038330423167864,2208137.1806047605
13.93946712963248,1.2356032305118128,48.40971194493246,19.2224454878713,12736854.234848326
9.619322815968932,1.2131463927991584,32.574004527349935,16.91659716278567,1630934.4867640384
9.266490876304287,1.1534056540338844,38.84671595731258,3.442675719109676,2222613.421418314
3.8115128417997215,1.2757259972710315,52.865475908418865,8.422445995828944,278299.08030398097
16.41041534755773,1.2594852043213858,38.37060788692855,34.76730445765846,14289733.884966781
14.058938511034953,1.2316903669316852,34.31193061301767,23.32315237634179,7001293.49560106
4.132532527499766,1.2701163458188485,39.768497890012,29.369351337616642,234531.78286504152
9.130222213205451,1.2734588401919604,53.12997009748874,12.717271153382757,4453047.8048413955
22.98184949126638,1.241672595343007,33.40832189483491,21.512360972807897,31077238.527739104
8.270361594673393,1.2674026656727344,26.950463725429753,2.4191804371603762,817950.1742854929
6.187687186006908,1.2394942923338568,48.48056081323123,25.273041514174317,956006.8907841142
13.767960726106386,1.2360281543520601,53.03912850832327,11.380066685166867,14895129.412712313
24.684309990433217,1.2237222756430368,24.025499140941335,12.127275740737279,20169486.273290146
8.325215973253009,1.2505433279115283,29.594964510237787,22.466116228844086,892011.5961813969
17.786982042929328,1.1317210210586148,25.678879590439756,36.81403107344633,6358128.936268789
19.755631537231785,1.2761741518397858,33.91765646328666,-6.799682669568954,18521400.213635877
8.228025967832792,1.2743687055490465,38.014039156216505,31.23716186735038,1602664.3672686766
19.02075966946091,1.105849456606912,49.953053478532254,4.619155520609656,26897948.159107327
11.091228919823571,1.2651633501129527,46.04590339526696,12.195972725318892,6393885.0344645595
16.910728273058748,1.1257739734946892,44.837142699137246,-8.904333561249553,21180978.326091904
16.937653636739682,1.1670237708518285,34.09499786438617,5.052303891715651,10557864.486067731
14.787043049644687,1.2487016512583216,53.6579021233904,15.131562131506524,16608757.487388212
4.986374941196983,1.1321519792096617,38.85148669592658,-7.19119613262805,281257.9558206779
21.376654902963235,1.2635934048238124,59.16419752060618,14.554786469158259,69618730.64703338
10.057161429378189,1.2664268355915484,45.36568553182947,36.35553144292137,4624404.944170278
7.103407228796793,1.2014935467521672,25.05058966258011,-4.7303390946097394,444670.53291017376
3.897053114204806,1.1012771743433667,47.04710248301736,28.22203640377522,226561.8815237031
15.99964475014132,1.1574076266349826,33.00416061726796,10.483552668799632,7633045.61120084
17.90641596053021,1.2233853836751485,47.4530878674439,22.758685726216903,22131474.917093687
3.3649322364128356,1.2962372356054848,22.78564592649623,3.0118298992614676,43639.01859027675
14.266047282584182,1.2263627054033337,26.995257487038376,-2.025386872932086,4448356.643585093
7.982907054354635,1.151960716212832,54.22949035623145,-1.9768692864386779,2288695.0748746386
17.193801389007895,1.2268011406199224,29.087182280940596,-6.475402717842767,9604847.474919679
6.8360614381098115,1.207997075943171,53.4816450097176,-0.7176647549378483,1833392.1899844282
18.20063023825425,1.2559690790302287,31.171043538176416,23.21096924944841,13174987.042845525
11.508177618611823,1.1213961277653917,45.71527640234831,34.084530592175405,4857719.918930572
23.60805975220816,1.2522055805004055,47.76602294039324,30.70628427955809,50984181.799377315
6.0254607712118515,1.2082533157352222,40.50619012580212,24.256715493724208,671078.1960094542
10.503459723105687,1.292598400771799,32.21242706786925,-4.478406829444866,2564082.311299787
5.496417467292959,1.1683744332077373,28.505775054843845,4.459372314797491,292115.6406689832
23.34325960212838,1.2265243786267896,21.32757418249705,5.490343766123448,11934216.827034688
22.301465774381583,1.2864056211020036,32.157856049628954,2.4978473198810605,22615317.84240495
8.674715809733424,1.120501945598136,46.126511621251325,15.750282985486155,2193651.736539049
17.51964901275194,1.2874456974472903,57.532192737939305,16.77769074398363,40422822.346999966
20.978888404426748,1.2375771444601626,54.84817929052208,7.84429875855551,48787248.21323634
15.214417855188172,1.1135674118210344,50.642591061412105,7.6894579368218,18372013.986153793
14.652312723832143,1.1601927133893633,51.53789373013195,31.42777989530407,14794224.063996369
8.320750399809937,1.2416344177290564,46.59939613903981,29.46464241598428,2827918.7508947765
5.048260891729782,1.1134701202937545,30.41147430264012,5.389791584037283,222242.21589938118
22.73874667497319,1.2164340920352548,56.28780122823319,35.68942219366296,70201409.24710411
22.80919725759327,1.1691766113905915,46.82929247623336,37.6407508501253,45310742.75808053
16.928232060011894,1.2241831035534956,42.4176252392176,6.337127101502041,16211756.775562543
10.458655403071415,1.1091484067625026,24.439578768539242,7.721247439652743,1241477.18426872
10.68261064147854,1.2743073612304754,37.88222175225702,15.28170767109794,3528865.8968892945
18.971024935145266,1.2946977938354793,38.41433084807705,37.056040626683675,19273513.6849277
22.736425718956696,1.2937755710571384,54.582544380906796,33.815971657115576,69984108.64039063
22.51590133383258,1.249930366348585,41.86592880751154,-4.87160187082051,39590810.02184376
20.157262008867725,1.1260172480261266,35.216021958816384,9.63653716357081,14141149.66277216
17.12469621539433,1.2516526391858045,59.07201314042637,17.668559487488594,36032258.6751876
4.8510792298910745,1.1049173832917605,24.428823733052628,15.156623627577002,106657.1213678874
6.5558317100815025,1.1044247103057996,36.901937132477784,-0.3068466031553658,588867.2756136882
22.768192147595745,1.1647220438299084,21.680987006856213,32.940838558407734,8437731.5625511
16.34143931251098,1.197728638080933,49.59616483067721,23.84703914984187,16572293.59118976
3.2023351355658525,1.2540814835615586,56.72306208796603,31.89541874259018,179931.7585761508
5.232373943052706,1.2366590753213011,31.201493182019576,32.93821396747361,251697.22385052496
17.59703892037723,1.1891805412753498,54.33366707196483,27.41779268328699,35917890.68461918
3.111354844616811,1.1547253332563332,31.68872921847591,11.960530062485866,51975.149505735375
6.537777131184971,1.2994249000315423,56.43080646575661,20.527337750771228,1848611.6852601632
15.072143366064894,1.1852362604471947,50.158476143871354,-1.9817296940128433,16679843.238391101
18.22169434923925,1.1902774048659353,52.19627107365754,23.682270873745388,31222552.49968587
17.343147709057213,1.132724764238334,20.720262224018178,-1.037337213035963,3954049.647241966
7.933924808132315,1.258961909749986,58.51241428296104,24.697479525507838,2977197.2883522245
18.66794286964579,1.2387364451562979,49.066839682812926,1.4799080376984328,34898360.27741871
8.219479924929601,1.1441539225577522,32.190043815445335,-4.122434992489001,1221032.6586727542
10.158793359503889,1.1164762091231686,53.17578659435388,-1.7357754928521292,4324223.159807641
19.422810912596532,1.2360998604149427,31.260847936597198,-9.900393239046487,12479369.656607464
17.291923779038722,1.230902242856227,54.910153582645115,25.93698089267651,29299042.880328484
21.682915030871914,1.154651905399642,24.50321561647748,26.620052452918955,10030451.775643088
17.467483630607553,1.2901727124500821,48.14743909843183,15.746667495662972,26305170.52865248
15.502789273380376,1.1302115783561801,41.62793906579641,-1.9318599472308158,10627708.9861551
5.060844892218034,1.1864669602085205,23.861378807817633,-5.822283124465512,167320.74610540105
11.089747667307538,1.2887231840335198,29.67575313035356,-9.04355167813565,2720817.3513162807
8.83445208899796,1.1839454633852244,20.49616145109259,-1.7125911517389643,550136.8276762629
8.36777215433984,1.2277051895328173,38.75071861858024,34.54277674915733,1870940.0106918977
24.406232204553802,1.1795188795925589,32.05061043040001,2.0768420850840883,30729350.180344187
11.648149942668729,1.154843040469734,43.934299371910356,7.713566360860781,5221694.449218504
22.62502421389649,1.2967955295919658,31.88951230834469,-4.732725775933341,22033114.770736426
16.885049771939784,1.1818668012630087,31.996764460279387,1.1180652374085138,9221213.842978243
20.485848677916266,1.2788198407358269,49.727727949264136,15.961228539010257,46385645.76070489
14.058016048314226,1.1459909211782173,21.92571343913414,20.387634154782628,2437689.2157316636
15.6918854617799,1.1426209408050167,56.11579980767949,2.2676157083105526,18394362.50460404
13.835389264015006,1.1062268165769022,54.09055497564726,-7.11339203874414,12383276.165895779
7.295345731556979,1.230333365075177,46.71218732905626,9.551643456369934,1625235.0483918788
18.893946535753116,1.1737052687447522,43.728862804295375,1.710168546316707,23598518.1927969
9.176991973698827,1.2728716499679273,55.69209992558609,0.9776961614900976,5738245.297432736
3.5349512614919845,1.1946419813383116,27.41320718114858,37.99314013567276,53657.83088495735
17.200390509957693,1.2936386855829445,23.158766487633144,20.815024296286204,5826383.356469383
6.896434946955077,1.1371051031406243,29.580406796381524,17.843922158604794,588964.6200004013
23.690088855764113,1.2737246335911223,51.78313114800761,10.788755176166095,87532227.73998536
23.986428694056922,1.2553193705583485,21.386810669059333,11.447216671507213,11943598.159575216
23.12701658484987,1.2541843689288106,43.31227340333959,17.045250191904042,47961937.710891515
11.143491405619777,1.2689566456233776,59.817500647652395,24.82149035180536,10431630.025853591
3.3400455636350834,1.2522047981885998,54.227843753501574,25.107304809091474,219737.83310674262
23.423008376929957,1.2252440643262832,40.857827561743576,-1.4153046147275212,40879624.53728564
12.420051262980916,1.1262489755364775,22.545636371465694,15.00563760383135,1797970.2179709408
24.26640601896073,1.1065052358982506,53.25494057542839,10.597904751705098,52601670.539395265
24.199639495963563,1.2841695695631374,43.95914032708842,33.52634831346921,59009606.77249333
21.766208020281923,1.2233300629041477,24.597319882382674,21.57094606091882,12140399.636196906
9.477875625530885,1.2593074581952353,23.75429139293425,16.62520332079909,929175.5371354863
11.472150029242355,1.19630447030251,56.3850727774637,-4.230267891054131,10866715.312907895
21.72500677337085,1.1234616377924789,46.76801051752314,20.281894466170574,36906901.92749887
9.972284113438109,1.12503715844051,53.17147197267022,-4.139804715988329,4755104.833225082
6.728840427094035,1.2371130574457943,55.15915601129069,6.860328778287602,2160034.1760000032
15.249627774083704,1.1860611789798927,42.87089408193289,-2.857901759283407,11132724.9720034
23.595405031537183,1.1401049453400673,40.69785407020165,24.603682351218445,36822777.81569869
18.312655526849404,1.1983189093482873,37.21709641283961,0.3126056918076294,15776062.026239363
15.54134574196603,1.112841787415027,32.67786351164477,9.5929686594013,7596004.005014669
5.137882862956908,1.2163942803828798,37.38383843434847,34.783738880938934,369697.81493608654
16.530158987381732,1.1537986808870195,50.955186229206255,0.2158191699485137,18507383.517909735
24.781184702293793,1.2595118201274378,44.07693724060526,15.390253197938957,55381109.7686111
6.081848335203529,1.1620723917847149,55.70093159819385,10.9635830583011,1196665.2232657087
14.403252352002209,1.1910440298163603,37.73520057516751,-9.093797947713513,7898707.750276579
22.30220758241502,1.1023241079816202,44.28358314875016,29.637905678640642,39270773.92200788
19.2969095905925,1.1144893775589118,45.25230212367955,-6.5477046842700135,26836963.97294531
18.334346301895895,1.178498711281337,43.66788649225302,13.712751048847679,17891720.526812308
18.454649847716404,1.1959877669434247,48.10535092342065,18.033914746947495,30231567.641150493
10.908805326834614,1.2200041096238607,29.49733873499225,21.421322830729352,2219274.9479808253
9.459020573818854,1.1583325157418607,40.494551101831625,24.431581465393776,2874749.432536781
20.8059454205273,1.2389963772253085,24.168992112333907,2.6636191761357537,10694105.600706665
20.822494682941976,1.272024479437841,35.3804531057925,-9.50106116707753,25067737.828576755
22.07559100876228,1.25597019777867,39.50668274485058,26.172183117745597,34672145.54845832
23.091292156242368,1.1079237650696716,46.088970381818896,16.78282996737893,51644002.838969395
14.249532774940631,1.1961013894515657,58.02124210344814,31.805885160362436,19256281.745567594
14.033358483118391,1.120986035683635,44.026042661934234,31.069418145034717,9340086.047330122
20.562493937269053,1.1484090031725056,49.74375664706239,32.16630838939416,47626834.60152395
17.299206477110832,1.2973325186534292,40.25064237980811,14.254732998977008,18611648.343531
18.443271299669476,1.1284991085803027,45.364161255053254,6.6814197918432825,24198561.040674053
20.507438727594224,1.1997776306902712,22.837288645350938,29.5779101295685,7395107.47051993
22.58011751998646,1.2236311468636238,30.17566323367388,12.564705651462745,17553558.63109404
10.435893450733788,1.2404929941088207,34.47412372820555,-0.827890179828275,2709065.7261428162
11.262824958078768,1.211929736697383,38.89973420026054,32.748700978073714,4175485.238528944
5.067602676499118,1.1019541694838368,21.82594982009535,34.127993838617364,100719.19906510464
15.722163101915827,1.1652922616487984,25.60096390213271,13.315487807008505,4728074.464297195
3.790730023528326,1.2035423286769424,31.07257231165223,-6.215013634510626,115222.21180774001
13.243156398914124,1.1175732998289667,58.86130763604203,9.391304495846562,15108709.201141385
14.938181963566686,1.1701253862418362,33.25388028412203,30.17688297313017,6002255.207094923
9.303907546822257,1.1066406217582734,39.2816423244833,35.088701427311435,2136150.9930330836
15.998331732518237,1.1157156994310042,27.843908509535716,0.17363712487979122,5115772.553505539
3.6710054986590874,1.1793846552403193,44.43120284303073,-6.651319398736424,173913.74885185604
3.821660152482717,1.1265431508086121,31.22732862063897,33.86752265664193,92331.18394815056
21.09721233451248,1.2135081696523118,28.27970313753707,9.470246948943764,13631129.295227341
10.924194111047782,1.2378929938274532,40.66290513783916,17.088048213378162,3665397.7166967015
5.795331278341465,1.2601173398218166,20.220231966416833,38.40329060253794,155509.9813667181
14.489351721205697,1.140030048848962,20.306561305969012,-6.6717636042888575,2120312.3936483604
19.939858168169437,1.133496516451814,28.76275236407431,22.41590037260478,8256964.625051426
7.74806260493055,1.12091356806688,21.468854500032847,-6.2947288712566465,454970.52349726704
16.703590468018007,1.2272860499087275,24.321030165227654,8.77344642332502,5893081.812937771
4.877644229862896,1.2412951452973804,33.55442597355007,30.190727259672336,245169.79568086198
4.136997865709369,1.1063172289651284,52.103427183192515,11.673611637781718,334660.57854218606
14.689801894499256,1.287242449248738,42.88194573477203,39.85911769514752,10405341.575351508
14.893972675422344,1.1103942567302945,40.50670903825666,17.952964247330108,11058844.014787616
17.023457832960545,1.2082592670602141,31.739552928324866,6.058107631797675,11222069.659109276
18.974009341898554,1.2418121038901833,57.270148777312656,1.0055662952376565,44387642.048096634
24.46874574817576,1.2741938247492173,35.880601649487666,7.526026714308092,41613155.08695672
14.358607662626296,1.2428173864264855,23.48371067183086,8.62666368797754,3242980.1043792204
10.105042404707412,1.2603456166139584,44.68266064471205,-6.564316113801951,3533329.038538505
20.494096284911482,1.1678900385085613,24.553535739064056,8.47870997133866,9127929.007120892
8.958309527765632,1.2629650227493026,33.80892571206768,13.211925986961248,1651749.6686076417
12.657371255523994,1.116022969276935,40.29647754871235,26.13688761194023,5510033.588414475
4.726040389529851,1.2789633312121056,54.96890098740703,22.8364742360804,626762.5208208411
3.557716355140065,1.2095184752307473,39.741863213604745,25.438282761457714,133892.14803258807
24.17826512291435,1.2634595539924989,48.09035064126657,-9.581815906157145,64349581.17534528
21.39156265126853,1.1904636569036602,59.712673559962816,0.8833699790268028,65608518.681210645
18.311432534061353,1.228715539039305,25.259564795919264,23.084214419992826,6759242.738291299
11.996964777113938,1.2052805321872226,30.98926102078078,14.199468408987357,2914286.2364631654
6.812475041558607,1.2463179043510664,35.783043023905854,-9.734326216582703,690726.5237158969
6.441614938763893,1.116325996406118,36.873127141553255,30.224732121591117,699569.8239654053
8.505343759621098,1.1120704167981128,36.44084301062183,28.64047866451687,1126733.3630956798
15.08298662353465,1.1494206468020294,56.3044401022622,17.420958149678132,21905889.18631707
18.72111029940137,1.1319089360226378,48.56130577867425,-6.676833711186394,31325022.390160274
17.524342287790088,1.2743567133184404,44.31620856362815,28.325752476629233,20518015.707006995
9.158545732810742,1.143842797471609,32.374908714511285,19.185679386568196,1070114.9934634804
24.00703617459027,1.2951730511638262,52.95161536885179,29.097998857897956,76074609.43118523
19.233732167306908,1.1673791583542215,58.202420459399555,27.587349619792022,43914518.98208167
15.195789155250814,1.1364235831377398,52.84793130200906,30.150103597891857,15725941.901874049
16.45785641715575,1.2579397014284959,20.062604207658914,15.900403320231241,3362803.221341053
12.231201373411379,1.2317415551001754,45.45605480733628,-2.9837740903242507,8434647.929138077
8.450081769025465,1.199639143290628,22.045415257684027,23.557873668984435,589315.2788070178
10.831398930327754,1.2110727101875263,30.304288813348876,21.02368925259853,2014741.9795335897
19.67261443021612,1.2438403556544528,22.380988013910866,27.112659359954357,6260840.8663720675
3.316656749854629,1.1456909482662598,44.15181811797551,-1.505949697463235,123807.38069281424
5.553598091152157,1.2992667832113485,47.46359653970427,-0.25124000498553833,770712.0682246039
4.0120581244785605,1.2949586324293567,24.579505522636204,34.52047586096642,83302.06510681524
3.8960336510173432,1.2300651372693874,35.35355532179918,27.49888992260354,135172.504602828
21.82013284824216,1.1399084901858292,38.24946035822168,35.411424435016144,28607330.819105145
18.48047290636052,1.2360456484862583,34.76212087043666,27.935766058196037,17673973.010466762
13.431824239921154,1.1144396817958353,24.841000019407723,19.857765299515094,2831171.8954297164
5.152351534322032,1.1061305004411612,36.75791160749902,22.706636851393682,319558.86281434743
13.815549252570312,1.1515365777022428,50.04712191233672,34.456396197000494,11728228.801190171
13.416378957172444,1.1925245913478633,22.840306581330218,18.940337725597026,2275746.6741233966
6.810441138020334,1.2736545010816762,23.20720056327614,21.619566216419372,380548.0085394425
12.544736283235407,1.2454338139532617,34.19085167343937,-2.1761641998199712,4231643.461798921
11.767104156742215,1.2485413042399962,57.669028464757005,13.696061005805134,10675209.924050244
16.54870215714876,1.185098666889615,46.742905868916566,25.819855597904947,18527441.25584616
16.972060319088165,1.1691869985093926,47.14679826690259,3.547134915818271,18956318.515794434
3.9966882149849794,1.1742077525969206,34.4767996335146,0.11270902622674583,120755.3058457115
11.241477521782366,1.2975299127472115,43.74643164834154,5.691340411220779,5720020.263850789
16.7689181457132,1.1080218382824967,20.405247361109737,2.075031399641672,3396327.6147888126
14.068997688761929,1.2734062992244897,45.44384185638169,0.7456318518197929,12078852.294578778
21.84277650614309,1.2157350817144787,56.53147790304947,11.242542143404346,60207122.12857363
17.491259895616793,1.1877230838379182,44.50293873379277,35.391925694176706,22187091.75854068
6.584557395791453,1.2450515320830273,54.947943738653805,15.352982336935913,1537936.132880044
4.552512442809457,1.1973337882849406,48.95892221864375,-0.6039809592338479,498178.28657136706
17.133224120538944,1.2746846476163323,24.82233665614761,-6.151416530956296,5120396.499868963
3.5832488319156797,1.2801403728022518,56.09813229143367,24.80780725689626,303800.2056940363
15.887062788016193,1.1843441853746912,22.657753774230997,9.139938221819392,4011753.4827997563
23.685065311349067,1.1553655594470105,41.35869890191055,31.09154732926796,37965952.45445782
15.660431913269337,1.2184700657186724,25.685484951738307,22.975538432038512,5055595.317848983
11.539738376543482,1.2824726691233383,20.468264429236164,29.812072527068423,1462879.2826203895
17.152340805731768,1.1421324378011335,36.88137040510556,3.5973019709224374,9584683.439688252
13.081563590813365,1.2245933167126966,31.80162830616625,24.617946123052903,4573958.921241362
15.003569364950568,1.2263120440185042,39.44001975190412,3.203099234685938,7596781.541310517
23.712225793083554,1.2466226044830562,43.08799546938204,36.95342397251458,43790572.25439256
11.494258031617033,1.126313537025452,21.749562892357893,21.81871407666872,1477990.5514219825
24.14619240412611,1.2431649929364177,24.920131804949825,6.225590008767103,16079184.811915541
22.917714123033402,1.2818065041331281,42.34569585801701,3.4755931146136323,38356998.764038965
7.307404965364522,1.1359366217740485,33.72669412690633,-0.45367074641782423,776298.0783562288
4.52594861925364,1.1475086649847757,49.16693950197792,24.732047944686393,487509.3961851742
5.217116030303386,1.294279018808328,46.09166594367758,0.9357806498963654,500975.75681033696
3.400880164334094,1.136195390541898,53.82417451959627,19.765163296374453,181995.69332312173
5.0777451366304245,1.2708770186739158,47.69971306676901,3.231751346267867,683704.5513255558
18.026149015159852,1.198455571289607,37.19724309560593,23.098447239693428,18091423.35604048
4.566150266125038,1.1494462148806355,46.9186648957773,30.74698642702696,374485.55291283125
10.017463866462748,1.2741499802545024,31.01524697021674,28.901262157232658,1695568.4928688498
21.587256841328,1.1890610510005333,32.25253995112851,28.042566546539085,23641792.956334464
3.511982586188169,1.202963470785938,51.55940639683173,-0.6138797153873963,252287.11049572186
20.91830661695659,1.1718466738799531,37.856780656063286,-5.580752650774064,25786121.84037258
9.200805045014798,1.2185901702869855,51.9352136207341,24.94744142436928,3694714.168325887
5.599626207676438,1.1327047745170047,52.89689494673114,8.417360689717565,869840.3015894569
18.328217638011314,1.1782163073303522,54.30249350645135,11.617311320167364,33061637.249516867
16.83674262915745,1.2938824644670575,56.66540943364829,-8.442545360330447,32178151.830982845
22.304384297595163,1.1516266865402256,37.23940882053185,2.9788224637524596,31875084.147406045
19.17156296368549,1.2313473329082585,32.75467273284555,-8.316179806276798,15908351.04068769
20.676580468466668,1.1650380128449391,43.28794986376455,33.95928863006238,27047226.929997317
9.204760596568743,1.25469462513732,34.84689693750511,2.1698341609265235,2123401.719713618
6.903669963153902,1.1261747321436701,44.042966672009314,17.866858478650403,1164419.3979520106
19.513524536098885,1.293964209015709,48.223434505752984,-8.051033966943479,37533931.44097479
20.75036426387981,1.190757908276728,47.536200739685476,23.3423695652829,43301394.84298547
24.791113124014814,1.147210092669293,34.98211548080485,6.151367287704694,29865350.17785994
12.077588892051383,1.1146993494660027,26.67440806795011,34.89595934788329,2187002.378069752
11.18439788744123,1.1339515810175083,37.2211735384883,34.40590944670179,3269005.1591335693
20.08108513632393,1.2039547897112035,25.70376576327635,6.264530918087388,8531451.691128159
10.497677885566393,1.1674006352862574,55.60388140735233,35.04804478452339,6786283.878041297
23.476661163278425,1.2657766731765219,33.8350984295143,39.80788367493894,36849550.29508826
21.88508054054626,1.1861775047323613,26.17838988893295,31.2707832061974,10921590.591948023
12.437868602250404,1.1497428545175261,21.017910396230036,32.24356738776145,1530147.7404108702
19.519163491412943,1.2234289973208061,45.83289545145937,2.450436805454496,31944833.50467185
19.599943229863012,1.2413554433770893,45.47609269818973,18.835119942887815,30736849.33563314
5.268725114390517,1.13340838158019,33.62416666325167,-6.637204301631607,291061.58340499003
22.856163946950467,1.1335238432576635,22.86847555390604,-5.254103158916514,9673716.671305973
14.115552193852857,1.1073342853867087,36.38515579580928,39.94463060166453,6627269.6489281
21.182064254370317,1.2472804030131281,32.44869980253574,6.331962471295547,18122055.709733896
10.041091222673458,1.2327609055243611,47.084825589400374,27.409195602442317,3394366.9318705928
22.70151102691641,1.194926175149963,44.231169978107616,30.33325265134082,48093942.482886724
11.562436932151588,1.2688340897938395,34.5837491279016,32.90116355036146,4037974.5477459272
3.238428332566564,1.2611340305900107,28.715702170199606,39.881414870107825,55764.87154096252
22.918403481223802,1.2170708728793505,59.52143864622367,2.074824262843393,83401145.92155613
5.008306889294938,1.2736542561026518,38.160064847844595,-7.982458657015014,405302.6334844157
10.024900026989126,1.1411682420073537,47.530969431209485,10.5595758997293,4171558.303343642
23.90136327511771,1.1223839238795457,25.622118703134433,-3.4959665085526526,17232407.3669335
23.913357232626232,1.153949922303398,39.423587986375914,-8.878705541897244,37378789.87589505
15.615633538712295,1.111417371217863,21.10146879477862,8.021341357074306,3348420.771385041
16.900418667735586,1.2062339056002065,40.218204716418,29.18691255376182,15268695.04593552
12.865801483523034,1.2873211384589924,58.560696284708094,18.309034561253544,15054856.549055312
9.45063697735742,1.107868708133702,35.36826851943201,5.6388994605177025,1604095.4954331068
10.23061999813815,1.1244219828020054,21.559840502996465,22.717100274635982,904342.6832964708
17.795406033694846,1.1904398056566872,21.23823163677374,1.6009090154405357,4357771.6460160175
19.55223964762896,1.286775003505581,35.519470397874784,-9.280927696395748,17844340.94201243
20.414738961968666,1.1632312209953501,26.400997458527762,28.21766932182137,9952209.060015175
20.371599141480186,1.2014469617376786,20.934083853127436,21.187154243200453,6246579.80085379
5.0065342670711885,1.1083145718100784,50.24854455800707,28.115131225047996,668828.903091644
13.877246703456793,1.1296686401924179,38.34092035527563,-8.05309916561672,7899274.0177941425
4.266292720366174,1.2973260245917695,31.569790878906183,31.85598139153261,187998.3391401616
15.089635411122181,1.293023739287209,56.00332732065923,20.976310001815165,19210628.308376167
12.713671030214295,1.100987996186882,24.645558408021024,18.169767535632005,2174083.5696368827
22.529492020682596,1.2903623570846479,58.23675315821277,21.23070240572658,68442094.75425303
10.720130276145731,1.2278239875631,32.55866869509411,33.2216623434182,2343545.5626999647
5.575474361407329,1.2735836589040044,55.53614689234725,19.346825327945353,971224.7467252712
6.145817005162389,1.1909479711267719,44.117715059178465,19.047518994408968,950009.1773631221
19.75323389778439,1.2031192057158502,53.0682943896595,39.53395785328829,39396276.773991756
16.600797392957745,1.197769316051384,59.360526528418575,27.8365083534284,33570625.377654865
5.224698874701385,1.233372851509221,31.53621751274983,12.114690272556764,291401.59965237183
4.850349734529944,1.1279302509512628,58.44541941630372,25.369850001646384,849680.8213012691
18.42132089210064,1.1059947179745357,35.579275796096816,9.461523584589425,11713788.14314375
4.600786140012257,1.1615859883182382,35.420476189476894,1.4437731241749496,251006.5111860769
21.080921304387836,1.2409361525473295,33.615484170180224,19.84259384438797,23001334.485351913
18.537328997442916,1.1403706904245898,41.6563042939034,36.409104905697575,17872861.38947862
4.789673174121795,1.2346864866649836,26.165801727139485,36.45697600077314,160596.66858783714
4.866429709874222,1.2939824092214542,42.14845941432045,7.095263905274514,430131.86390777223
24.70607072702586,1.1187801431578837,41.66819249640016,16.38387331108475,44966773.36882085
11.233957506634647,1.2345204236450253,50.4760725041948,0.5817949284930606,6427529.163784786
11.1541272354716,1.1887500438609142,53.34599847750342,39.78155547494417,6844008.701439781
20.881590479665057,1.2736284508755011,37.61765401249696,39.05589539339679,31061115.032901272
23.83946870244489,1.1354299578894773,32.09332997405975,22.475446485372366,24890244.279532474
24.69202340410316,1.238525190445233,30.373395892683778,30.22070298387367,29133054.85508808
19.574320075696715,1.2676230579296222,27.784953468194878,25.755008064185,10617117.646193309
11.277710881680147,1.2889228438948046,22.305903287960994,19.65791095197341,1332254.3457242064
4.837015767370713,1.2366496056579293,33.69791915338853,-7.332600150555115,276644.9635777507
20.09723215040361,1.1994349528016854,30.80990768523133,12.738217127633053,12558087.467498016
15.284893494187711,1.2235694480402428,58.65669543465629,23.739315108370526,22633586.01036847
12.332884203433478,1.2737809968957436,42.308353050001756,23.876580694184234,6741183.150384445
22.93979647208419,1.214121949327766,33.891081561220304,8.656130921119178,26738179.862427883
5.44634461073533,1.1060774119393675,43.21870403974784,37.084599332901526,514891.61345461814
13.837752294398902,1.2861897391013957,25.56786805382782,-1.6321483881609495,3638055.741793249
3.2497801848832193,1.2379053502063122,37.76174996808812,15.017972310778031,101757.68281476216
13.310534123870777,1.2353026771554494,45.04937285684255,24.544198827541138,9968839.253008997
4.238672065000422,1.1431350304795436,39.55591327169806,24.85679029459046,192866.45663994225
5.613994157897582,1.2317770940465316,36.07115202617297,22.431947838440777,432781.2818979741
5.585577429096308,1.1787728811308318,59.75393555598793,3.7644106725930087,1289740.0010845868
17.282626646553396,1.2302465954082984,55.21259048595708,-2.1896715656689016,33130707.610124104
19.412987343839312,1.1213186060615983,44.936238326377605,21.797016341335542,22448448.032439973
15.834112832137512,1.2315690609206074,42.77509444729131,19.965105806971888,14546022.355553504
24.167796066439923,1.2998827451541333,44.826419192983366,-1.0321994855379515,46459417.231660604
11.24715274952149,1.1096424077721112,28.05248431289733,25.25695727852817,1960681.0345030022
9.285665898200936,1.2954348368442634,35.805509730572744,12.75859958668282,2485076.6651109513
22.109180820168127,1.1813815921445743,21.578381315635973,23.38802958015765,8453089.172842497
7.919108447427958,1.274150690067452,39.02184149947307,31.868353988507536,1387233.6328881374
24.19089586769345,1.2564770968116548,41.720983358306526,-1.5135785711538414,52349709.091119036
3.2673984431759595,1.2134032521973337,29.109989444128384,-9.042756600158166,47647.70027908246
24.337334187568057,1.2476898418502653,58.56115388662055,28.955129319789336,90756274.9392452
3.9495180629126745,1.2757031122602696,56.37818443748968,20.484871257630797,415799.5426998774
22.605148501357565,1.1808280643302067,48.88572941823624,24.981978481106083,47954982.247751325
14.609424399898597,1.1654066323126477,41.3354651506145,31.90774874943213,9522948.650011133
24.84522551462461,1.2335186771127171,54.7987663859074,30.140546741225023,95875911.56323393
4.623524424178775,1.2615691883882518,25.226093752938517,38.046007346441236,129892.05367385452
15.184794256829058,1.2524570269553232,51.6203917709954,16.79675394260591,18844643.205511574
24.324655783620177,1.259562729771727,24.992832558673932,14.42478163299527,17184121.42753395
14.508152571743274,1.1871166629625867,51.768426501976215,10.094359994536504,15825624.827726515
16.846770038975777,1.2635668432350045,31.03070273005428,-2.3154478577897732,9024935.350200841
18.306471157661576,1.1240418110741217,55.083623240727555,18.63036164410112,34371763.37721169
12.999903424891011,1.20889781959217,57.761683753015916,3.8506262162989398,13227366.099751925
16.806277761849394,1.1011517320996245,25.951838776204625,36.06537561064877,5428949.251136988
15.854914862308206,1.1649171659800541,38.50702420261574,19.15954021385488,9743464.478415327
22.82547623080176,1.1732923069742796,59.23949512650741,19.642009025405507,76645261.60508125
3.999820367512073,1.1792345383218512,39.33629743892587,7.746233043850502,168537.5589293026
9.181190171029067,1.2390934413379724,54.54190090058181,-7.400532401114626,3981855.2017182526
23.90905264968429,1.1777116202540692,43.54926088525279,-8.412811731350569,49192421.86153371
22.585803245600157,1.1897387245245061,35.013196316784075,11.166757207659874,26957764.79910961
13.024448561285684,1.1475088261748656,31.431342221034807,-5.771731095138107,4242426.437158778
16.64291715163381,1.174650358325868,28.128923643443493,20.342347777006957,6439971.27390934
9.10238602558492,1.1454539254526304,50.47192765510789,34.04865028198287,3597762.7705012644
7.138665513922749,1.1146391847536887,35.46162027292112,34.14574082593611,845099.2655140086
13.201364908679608,1.2206897186762757,40.451018488030044,22.95227050661162,7539449.428379016
10.773749016573163,1.2336425597110032,39.693019200047274,0.5615915736465507,3502782.582770945
15.840434460719186,1.223898069201923,43.09116116932525,33.149841567943604,14400633.381364867
4.710162013229667,1.1926988087601145,54.62308582498209,34.30467176566041,605402.1303253463
24.436685768655664,1.175957156035846,59.22957374333718,-0.16732075235206523,94629631.40522146
24.696636378551265,1.272666729914365,36.30336834295268,26.871304288533864,31405930.650839344
18.359557708434394,1.2038163570272438,53.10075688425212,4.325977446356147,33526083.356844943
14.794120059570648,1.1958363755259462,50.58111178618871,30.13201561764648,19003844.84345675
9.80960755829921,1.1051284131612873,42.94115805822293,39.86189499518014,2912797.491951741
20.90349043355287,1.1682495655252314,58.24188574447732,-8.498699733530358,52717232.50444195
18.064085796185346,1.1760391237571715,28.018980621136112,34.86829328954659,8867745.927113064
6.577572665587608,1.1797645561793801,24.370568412384856,21.131526679932904,322999.86090729863
23.040398058864533,1.2160344738454665,54.15847867821689,38.669130958241055,76701673.33891954
21.095819344309717,1.2067205093453757,37.56599266534993,13.250475876321381,21954464.82104464
23.89559809242233,1.221581018558689,53.87875416828242,32.369396528568686,81561751.24377337
18.96582918454392,1.2529766523084258,55.723608207816596,-6.880296570086139,44154003.56719548
16.495134310587375,1.2625971477432187,22.498303744762858,6.763952503914787,4441545.944720358
12.201346798393615,1.243624615245299,55.33859051944243,-6.6491731124395015,11234508.776241234
23.52002663378829,1.291104739190987,37.932762214776886,38.76715667395353,41877222.355249405
22.053405569008984,1.1036465165352725,40.41729956016929,30.848695363591837,33024290.43978393
3.994810742336167,1.1391555971367093,45.06370044372841,32.62737106229852,205178.0759453512
3.580073438939544,1.1015125749956285,57.05530426920347,36.89826157169471,279647.4120833131
11.282194071317091,1.2294949428309208,20.76464377719056,-5.744825694010732,1188113.0752073058
20.832173277200322,1.2796061097899973,39.073738732712684,9.27987962566667,27946232.128299862
24.720074844928778,1.14869645931526,47.50888169722243,-6.448255547799894,61971419.779203884
6.30917160427762,1.2854069089592615,48.90827830792914,0.5396550775014308,1194724.565149021
16.070875737746974,1.1120534780579123,47.70129726148432,1.4682888518836172,18463792.473492067
11.379598845882473,1.286887205361103,25.377405176324874,13.455360552378934,1902324.125139766
24.33811675192127,1.170324537447927,31.97582353486725,3.4281083726821286,24063884.689707544
21.52661630898559,1.1202841656898435,34.34862101668054,-4.951094659111945,19895636.358529422
21.443231503645034,1.1971743518372653,52.1774883071802,-1.625445545294614,51381456.601003505
13.311249515489346,1.1513553135441017,31.15039489658212,-2.636221822395454,4647958.281906478
12.126029051428635,1.1569745803923845,28.428198554688127,38.653839895614915,2776711.9366909643
9.014955582475537,1.1614579929852573,58.29792076152385,27.96462534592368,4156386.982704015
4.2402609263203965,1.2606051795665327,20.354531404538754,38.3880732634781,78089.7585896015
22.02389227761117,1.207832255335051,59.91283422727913,11.987024325395428,74678897.85308968
20.883822200861708,1.1622615398312008,47.07285195429583,3.9184240831328303,41545723.70678075
24.993788812294873,1.2220667566621837,53.13877197796468,29.91465986045933,83347917.98574056
24.926010415625917,1.2432301348446388,31.784775853847727,6.312695902057339,32183622.427672673
15.219497523257804,1.1545248001467068,20.5726111066824,4.969168685267414,2932992.1936910604
19.91772313397123,1.1827098203050703,49.5147807424612,1.6252996103915596,40374750.13690299
23.784846057413418,1.1243772186673895,53.36578388002703,-3.516051088788233,74835990.47937353
21.692242594903053,1.1362298699069362,49.61904527814077,2.8231530508382985,48765598.40128075
8.44165823835035,1.2362235707929967,25.714011492033542,7.7659874236943836,748058.5605549897
12.911970976822058,1.1362876695391255,50.13711689027876,23.699710407286517,9106170.540761879
5.84150713333289,1.205032676733412,50.75691128430564,-6.871757889027421,1004370.0178906962
23.989122599691893,1.2418092523444866,46.3416206268022,0.5253469832671485,63227313.74546772
16.33584195791936,1.121375384618949,50.644637311823445,30.45118201458382,19256635.824517105
8.03014172107618,1.2134624439257808,53.836857587109286,-2.653903820811462,3165435.1435735216
17.77741505692885,1.1513125567402729,44.544164569498335,7.132257326126076,23089010.36540171
16.598821290073708,1.292585375047516,23.544188558787162,33.23294609290701,4675629.599859389
10.879579796722492,1.196709129343985,39.50511238668844,-2.2537344428278674,3461727.6346488227
5.4982670283918385,1.2611985099550318,23.105973386864203,-5.863158219090505,173336.38787179635
17.77461030304159,1.2100453084312524,36.30172124129723,14.226899754000542,14498874.760559395
14.446769419883452,1.108682506570964,36.28425956502511,5.1209755639268195,6550506.626647759
19.991004618184064,1.2266302751188045,22.640393765609662,18.170418224192705,8957472.904327491
14.443597024463855,1.2902806684413315,33.952821358779175,30.190244524173757,7338699.116662607
21.74799300700788,1.2203223640292662,24.439923951652595,-3.1425755923628422,11823920.34420429
15.141950453038682,1.2638377718853582,52.329408400368884,19.03495422771425,16163282.622248827
15.340635373778499,1.2768412926696815,57.90752103857883,15.275438019493198,21085592.628407996
22.286379258483592,1.1456159543897866,22.892659010317544,-2.796060699340021,10732618.927402088
11.876623056672734,1.1424089679816454,58.20460829166806,21.19992427644912,8012473.646456721
5.948335025914096,1.2221961977701985,40.903063973469806,3.682020893038583,744474.9546854062
3.6332188788934574,1.182205693961341,31.982627118154955,14.391715927200625,89658.7029414227
19.613019624819618,1.2679722605733441,23.07448301104654,-5.886383786146906,10595376.772806665
16.64681012977622,1.2800046246796022,40.02497072281671,12.979202860681152,18288204.62280169
18.489754898182916,1.1706842758605438,51.780621779629946,5.323173402141016,30600959.499835987
7.685211553196036,1.1473741117948966,48.283459090667925,31.119060559267716,1886888.6392816405
6.000172462908935,1.2561051030487724,22.00904045855895,-7.1510636501315865,227016.52810254204
3.319982644693402,1.1549612071096274,22.91607341471614,10.930363745916498,40801.7447795699
10.712926293745134,1.2645228637027357,36.11493130530548,12.921571206571901,2663502.7792438394
15.978189110801928,1.1847476507297525,31.811619761917733,26.250303814955934,6310079.283002092
11.629368992194111,1.2335099798582942,29.295372922241913,18.714378754510548,2452661.842988503
12.624448284522039,1.1191070627669337,31.240179956348545,23.360616859709054,3653034.867688093
22.891491278862464,1.2247718649353148,52.139309731875386,28.852464282587803,65854864.117224015
10.661620274512607,1.190353535747446,57.16912214527416,33.11014868290944,8198363.621587967
14.307768761515838,1.217321692635095,36.20410778110266,5.693774836123525,6460323.616255652
20.240366280305146,1.1336028415489727,56.244440085299885,16.901135268195148,35890071.68729952
11.723941211067944,1.2473747489888365,32.85982804991528,32.005403921959996,3701848.9980068454
16.685907405013218,1.2725594155086457,39.05747945375167,39.472556548252825,12993035.100220788
21.972001592428395,1.1433479600181553,29.04115991263999,34.47596555218816,12823904.00803857
23.889453720468126,1.1191429111040325,45.61904168703376,8.57336313121884,50602407.275706954
6.235616580438835,1.1047277172092673,59.15924460699236,-0.24167413906747903,1589307.0989759685
23.384927753552876,1.2283943000886532,44.13972384173515,14.469626870329435,47488833.35397197
13.82655844774984,1.2214188072177563,34.31256336454196,27.08207259180211,5697435.296476271
8.681376542577084,1.209339482542814,45.91269783962113,14.628453537664878,2578236.550593614
13.100986637241748,1.1463894192231951,24.916827138615503,14.159043165683425,2420747.770111991
24.560716656280494,1.178181199181103,55.546363210615944,31.91152105409003,73194841.5839292
13.837598067843132,1.2188952670372346,40.123358031193455,8.070188953359317,7583327.165659205
10.232535426325182,1.1993533717718339,37.97398968158568,32.98973374058228,3062371.2496649814
16.934818794967967,1.2975571040429774,43.434591538140765,10.340240047586178,19275685.487067953
8.283203613120246,1.1272879505113467,44.9913545115761,6.411655283916971,2071314.1957007428
4.668993218390606,1.2390289108095187,22.87103224906052,12.69949555998495,93308.0546636349
5.835353882034283,1.1808637536208586,47.304688848936095,28.12234793374342,809794.1787854433
5.817008457070994,1.185639922985123,29.67726721262118,-3.6998986068002857,252574.38864220143
6.3418592572704755,1.2435195531316352,48.55810530026359,-0.17903920639913018,1195717.388365065
6.0541977982870225,1.238487230264874,52.90139177536787,37.5722412831546,1380760.1649110152
17.099244385670723,1.2982511987404377,52.15834030210081,-1.2254186309321309,23648058.564815197
7.001361856781186,1.1256788578908252,42.100038696315565,18.38636589655273,1012568.6559580913
10.604680233124991,1.1208219298768334,40.80679569243004,18.965723333096893,3611411.5598796387
22.72934501793226,1.2448677634257483,25.71503845357647,14.481223102512239,17086002.381796215
13.427156085783192,1.215677383401282,51.01384601612543,22.23726242884093,11490807.827507177
17.6862702474626,1.1548321333119613,30.856375217868575,1.4913362898809215,8893690.573181648
6.791037166435856,1.1158838737977974,39.86781691271786,17.633113388837412,700754.4959594002
7.230358413790757,1.1171316499192863,31.37096371710067,8.608662762344856,659520.9849574168
3.899109557862535,1.2788381749328237,25.353134519987726,23.08336298145945,92171.46078833172
6.71657138758762,1.1383734649437487,45.182307875669466,-2.9388228313425273,1136752.378802357
9.12898745870309,1.1646743124231043,22.173281392916152,18.543870841973813,682784.2572328402
6.89423065408843,1.1453312804453977,49.945809365048,-0.7364822308338148,1518007.2813248718
4.951455742655224,1.1709992611663875,32.70347181044467,3.93215315575182,238550.83206307545
5.653989164213218,1.1138847685492188,20.005387720179414,0.9354900161791608,116276.52400363133
13.137132896719967,1.2038119581816542,40.44516556948919,-0.8581110065591453,7590535.850037294
7.539341804927435,1.1135225127184432,21.874076341104125,31.285547578033352,366753.5152105905
11.01393694305766,1.2600713015644724,31.04678231283598,4.285378383044517,2553525.5570229725
14.075179958806851,1.1467424163820867,48.27905949822865,36.35618909322247,10565615.975172019
18.188686229846034,1.2080023829209021,22.507584864874634,38.49632626725954,6538267.686658524
3.8648670765041766,1.2760158175122918,53.5735396942401,18.563023496854868,354184.098773622
20.587028775998938,1.2301754738094388,20.152796906343326,-2.84994386671368,6468985.340080556
16.81380856879997,1.2065915573102672,29.87295476807609,8.727412168979065,8845034.763099704
4.798698702875182,1.1648667506230752,49.63616224608286,29.8866131674107,473366.5936852933
22.2187297303491,1.1666003826116396,32.65080598917227,8.369536434853522,19752588.76642824
23.25919281169989,1.233897391039638,24.07569552264054,-5.649139084860563,13062504.382612964
4.343715116807003,1.2988278722442335,34.40935675201712,17.839245546409398,162911.6085931446
9.091308259238481,1.2323678379698757,30.81573145538102,32.25604257480174,1446421.9373989648
20.73642815544735,1.211556683474005,53.708476086422195,29.796319357175122,39986401.51208453
19.461713188440484,1.2461301020478492,32.53391670340572,-1.243842993482339,13396020.937381035
7.059462425840302,1.1930411224567437,51.55729887104029,23.638230720623334,1388793.0756339254
7.605685113407627,1.1120284685201571,55.67488579242939,1.0252131717823545,2361648.92276259
11.150386261410404,1.212459363175582,37.35269678306118,0.910376727608611,3628464.1009856686
13.65950567420247,1.291525056901076,56.39772575417568,33.70358866525926,15908369.569894396
16.60160497366651,1.135060588471532,35.092722158527714,2.4834476370115084,8999249.95818411
11.116100070534992,1.2380009781641332,58.563136659604325,3.1623673259005596,8087190.85116503
13.175763754929253,1.1401867377318113,23.57158098102292,-9.967330461935022,2381846.4789716196
19.444360638942644,1.2071655368946164,47.48077066012971,33.53345170627588,29696801.019738615
3.807030463593154,1.119335289929344,39.75256161827715,29.629740660456733,158159.68320370352
8.553612775568457,1.1900741872516372,35.505952218225886,21.3664467545339,1344280.2625826339
18.693690889460154,1.2512326657790493,45.30847514994404,27.513288196942113,26834600.17173234
22.694550429118387,1.1695143048477965,48.15428366537325,-2.3975716287754096,56281340.27269013
14.256903726544655,1.2329823448974437,20.17453078601236,12.916179729378772,2418231.995552168
14.706496675836945,1.259089992157946,26.67812354988795,7.560969367439043,4292637.11384944
5.357784249475073,1.2854355638958905,48.52184202537275,-5.311173687149175,749944.6150970097
12.843072070116001,1.1469284163710909,46.655416543128254,14.306524260746205,8107506.573513116
14.71757986201051,1.1798631831618618,58.64190020514709,36.03698251713177,20333816.321636353
8.334351079964053,1.1304832026660836,50.44151161003132,-7.997044047465276,2530457.764549859
8.92335108088638,1.298496700431675,58.03090830925352,4.573045674689695,4800286.117306421
11.300251588301698,1.2854001935848591,48.10162006139228,0.3770468102851723,6884252.003479449
3.44156635110998,1.207991426056112,31.922088345577727,1.9073326832848156,70990.07363953927
10.085741642829923,1.2684066588752843,24.214596890034258,35.42172759396876,1076792.4342232295
7.651856153923982,1.2041915954544085,51.272954533797424,13.403452711714507,1918532.708697998
10.204941747914123,1.224717137600552,45.76596885903663,13.31497064699094,3596978.590193119
5.634766900023527,1.1178248864232034,21.92744049573185,28.028782122764113,132655.8180329685
22.591600176277687,1.2510540840993616,34.40201863603913,-2.27538979975371,27244292.075556334
16.05903397818907,1.125542696727047,58.271992619371446,14.363267705002539,22643591.424606554
17.94025102117877,1.2652135260505057,40.01604582840805,11.499260706052986,19319222.324998908
20.361767249361442,1.2564056175340772,37.309165440788185,19.845534527332806,23271919.73324115
13.96572837643926,1.2417489395485952,38.307984206371756,39.97788516252193,6262092.569013864
4.912246337923321,1.1072320761049526,28.35530896020655,28.47244470410235,176611.98619407928
14.816343920008052,1.160625671189066,34.74828683459181,9.89328515087136,7740335.308792883
15.91050459645934,1.1526225139821686,34.792530239487064,31.377652613702345,7950042.072587242
19.39966843205526,1.1720272814943038,22.094200807498897,-1.4645818343759913,6837113.913258254
12.496510017052946,1.1175285493527678,50.70270514071673,-8.476815684551994,8052292.521873788
5.806766661502403,1.2873915646062126,36.66017727615516,0.22241862321365247,537333.5669706617
9.243069927571938,1.2107604481424754,52.887195472656934,7.020577805712982,3669574.7687902385
10.987810520769973,1.1611048621316047,54.01392004479582,15.529037872977995,5793153.021619152
17.210179309295228,1.1793963034148567,28.47976218794632,20.75645702705999,7366418.924996718
15.557122702716061,1.1894405081009671,46.29413928680514,35.53028586072109,14890026.198485054
10.834127969752618,1.2201188666721234,38.89127216651927,15.492700477522884,3539846.1794801676
24.703335473445552,1.2031358855392997,55.2062695168594,15.063782231286467,76550534.0484251
16.327046025851516,1.2838783946428836,28.629627167058164,-7.487849508850894,6906751.05637365
8.218989418191878,1.199392696581166,47.11252801240177,-8.254422367188809,2384240.042721709
5.239214397648882,1.2984316029646625,44.310084890108904,17.557998095818604,573308.739484368
6.362901062055305,1.270284991549019,31.812059102873313,11.908930662417227,529693.4212214968
8.411070024459178,1.1417021028714673,25.464036146046904,31.959019749014928,645590.5867145748
6.534990211710225,1.2861190429287832,46.065590419091066,-1.966020764407741,1336623.569111074
7.104474529128726,1.1232732795770952,49.54389832529323,-8.75141689414752,1370372.1042050784
9.272093711264636,1.2634899416982384,32.625093750534,12.451938396506293,1766050.4688029883
6.8142190964846066,1.176124658695316,45.79330416089255,1.8739278376128752,1370694.6943231362
22.728839341781352,1.275594864089014,35.80523630446013,-7.519281333058128,31612323.444601282
4.765142404556128,1.2736113380214902,48.52827533130471,26.22991434238145,499445.79105400323
14.539250570545603,1.2611850800235243,27.968610995762123,-4.420350002137626,4511226.490214409
12.028730193772553,1.2580060872614123,55.608600105446975,20.415975000388585,11737106.257516572
24.612329571989342,1.1609358278196082,31.49638385862319,4.052487508344457,23133658.81352498
5.464855847697152,1.1161838566102504,34.711439510246116,-1.3251974822488997,311328.42098765675
11.752823179006317,1.1805960357530323,22.32367808321399,8.987576145965875,1440658.3807401943
24.328349532058116,1.1347049029973018,24.460488492851056,30.072288811147686,17256258.890416227
22.041156769667566,1.2389902177804923,40.634476108493125,9.604678845228634,35716415.470769934
20.97558556088416,1.1692199453075571,30.70370706911886,27.538482460552785,14431840.805170072
8.673862194988676,1.295122040171983,53.41920902968778,-3.725685160042466,3670903.9195644776
6.759526922581448,1.2281944154690665,20.587735546198154,28.638570983253956,237038.37510637107
17.710150838337483,1.2644961127268721,35.16376194687744,1.8466662453324325,12674195.35082725
23.446271760806887,1.1265049345483698,33.49382187076371,23.86965649444364,28090675.825904235
15.248783646306455,1.2724028964545246,20.77310523670404,18.289077742049816,2638615.092931084
15.575479168337797,1.284551438102679,24.97473596002041,36.45723586058437,5520571.631122193
9.159540060526252,1.1974123837637873,36.54570699674541,9.366125898765702,2090329.825045339
19.928844530222612,1.2212505875501956,39.71458337789787,-6.691740558277978,26560505.160310455
7.114962468265514,1.252961960180599,36.17158989019477,-9.042225722437355,884556.0090459547
10.120943200893361,1.1349677254520827,41.23750713648376,31.342928048637653,3095921.9499681387
12.359601649561169,1.2005132152926885,43.80526699622726,16.236781883071608,5852938.72362302
14.16742833105801,1.1797326055544626,20.396952845113425,28.76220259174746,2077312.3768022724
8.333014113131766,1.1292747984324498,38.56380637814016,1.7212800005757352,1601815.265581742
5.526410144262478,1.1735068844583063,58.53996963550353,7.254187275661685,1204389.4758077462
16.433640933715917,1.1136344618770988,40.76129120518195,-8.494806389434054,11470977.276930613
9.349872171285627,1.1051623813898974,47.10169069835813,38.07461622870561,3032947.5268958895
15.78724087129747,1.1270332578309645,32.474554316675324,23.393395335040672,7235035.336111896
6.395979736032451,1.2926230223178348,50.959655126110505,36.66025438796531,1187071.8417401002
13.585082240805985,1.2099059071790035,50.9168592750446,3.2748203714536164,13083766.73502403
14.71696751613489,1.2931644322306441,40.85184190616556,20.573180561283042,10023354.712137558
4.1401178100933915,1.1864995756660264,59.04055293116854,23.924998414631894,452019.0130168615
10.405294120266252,1.162363226617052,25.022008590506136,5.877485012879422,1229656.675348407
5.957122892657433,1.2012283725680488,20.677906595583238,32.405461750781505,157093.8187954625
4.394249350400891,1.187902337726582,50.80632847028384,37.35807314501239,408398.61565796495
24.779125112578797,1.1211329368523488,52.2862214945953,34.24275588480022,71670953.8602452
10.091784589443906,1.2281652629380413,24.80828916482305,26.953348796968626,1174942.802764759
20.817237808801966,1.14320763650192,30.623313318344245,3.873233986247701,14085441.369782932
8.602094404802806,1.2239175909795659,20.702094534665157,4.080802105281586,541218.8769133594
17.993059888926446,1.2300402184796306,31.732344431222586,38.1680160223019,13207460.94591026
19.725012917573103,1.1304049706257298,50.92567495674686,-9.485775203215399,35835423.15435581
16.104052293372575,1.1122699254221338,40.71842110850316,25.802498662107226,13303222.263338188
13.374676148103484,1.256152317213688,33.92382372673153,25.31230812776311,4677497.440795051
12.060500111239907,1.191960084753864,34.86957179625321,21.134477047489874,4056661.5696630115
10.675101863945898,1.1116327591010953,20.054145028618727,39.50544230434329,760543.4074264646
23.449641173452168,1.2989732634339535,31.992021102609435,5.593971788186261,22951356.705105543
21.273626971330042,1.1115561121992734,45.858349665517224,6.998593189662408,32738079.337236274
24.230592034663278,1.2390070457717106,58.967777752654285,-6.053029852672223,107750438.85016951
5.734538916681984,1.2967357850526828,53.88243307935598,12.139906827186874,1221169.7266983355
19.079084454480174,1.1478360208431853,20.943798585821163,3.052426311742405,5626140.792342431
23.643490050062834,1.1284498737374393,55.94242418699358,7.169335108882212,62081811.84109694
6.987127455644523,1.1242769878844858,51.32793653194504,31.728589512781383,1555921.477467248
4.462917882069105,1.1606550295135192,51.215044942839214,36.77422567637478,437908.86538396095
19.3046542843813,1.1202091622021295,38.31983036014286,-0.7133463997407183,18915139.280296363
15.638408489958062,1.2384322683388265,35.92021171818011,8.625446577673294,7829531.571453214
21.520233088681984,1.1124583596260127,32.11662915332771,36.4315281057697,16364686.574510118
6.074992285778369,1.2018844256299581,22.627794358174633,-6.909576965538868,215333.90048211225
20.495880860917584,1.2993393707705954,29.129414539747962,-5.3819735944310745,15710626.500266125
7.43580104105038,1.262794053901204,29.864145399120986,-1.8604505396885322,567604.745919593
6.600430743045499,1.2230438876462022,39.363082788408065,19.760641706343737,842089.6053190322
6.613847554481845,1.1612507241573224,49.897776263867755,-2.4763864497001267,1332721.2194917812
20.920643845090407,1.2247791672583277,38.952393135917866,38.40381907253668,28999152.269164354
17.6343388553164,1.2054082927823304,22.313777977886424,12.335726362926017,5528045.322231955
14.507439344920625,1.1852166767780743,58.31159203952816,15.075898017508319,20454596.780485276
10.894270650717054,1.12614207534804,57.70897276376449,2.332930790270325,7007851.119363269
22.298411897888382,1.2773208430480933,51.40758172593634,13.548012621736675,47572041.07266494
11.633792363297978,1.1899569297642645,59.65311606256882,23.095681631850574,10061592.391474528
20.965187668374696,1.138924502364153,41.779293312010516,27.55885684770214,31658502.099008508
12.660967988544805,1.173551870175458,58.510734010128246,27.693404135495648,14593162.38532966
11.292777447347966,1.1828259505057854,23.02420162467003,18.894555634704417,1519231.3906819317
13.178955284731341,1.265507579113375,34.62722993045485,35.217988749692864,5690100.570691662
9.630313231611126,1.2467228761122804,29.015250720270632,30.87039236530547,1528431.4877516713
19.447406363877526,1.253860978728268,27.833323365370802,27.852405734931274,10598270.00196014
14.059848582034542,1.1022062528857295,25.632117955707045,-7.219723915976969,3120384.872552685
8.108679293229981,1.1832307996359523,44.896545662639866,-9.656101889017535,2330782.7626704415
22.790640612040505,1.1962688303270648,51.2528742298922,0.6223638597736478,52924927.8255997
11.445606870210652,1.1038384553646114,43.131935976814425,23.176179695672616,5617598.783067292
14.958162944507748,1.151962641749007,25.878508383528388,10.559874444127292,3925146.643799577
22.942386441220034,1.252057964624427,52.444950797338834,10.120312964965585,73981346.26760814
16.733235910107826,1.1274219411458,45.438188286549135,34.22934441148069,14721170.278041538
5.571756895584009,1.2070620262905183,35.52662824507982,34.77814240659194,438189.4171346514
23.676306719496452,1.1430403744034476,46.96521182144252,35.458763202679286,48689838.29496282
16.80957716757119,1.1024241549287788,30.396199169713313,5.693903825751365,6523855.166117045
10.367923522455895,1.1482402915199084,33.80768833976842,24.55279063696309,2347726.826941461
6.0639855985945195,1.2951747509820108,56.69943372527961,3.5816590637184813,1605634.36977384
20.46855416394651,1.260307422376598,31.620180226856817,-0.4695083462775109,15539880.655303326
16.6416006304273,1.2919153288642067,38.799530726317464,-0.7683771326315387,11969096.304355312
14.736144023479074,1.1975708087852726,55.605645495840584,7.105381043179701,18441796.534642484
22.66563682712107,1.1219472397355008,48.3088540107011,11.497880988991085,47471788.37370746
20.349138646939675,1.2095918977947386,22.48812904658811,31.54745855275342,8540568.280877687
6.3368473541205255,1.1908754669119923,25.892121771158813,-4.005445326364395,349413.18043408444
9.85788549150206,1.2688714165479231,20.313663630876672,26.746292369744708,783208.2392817691
8.466761075918246,1.119616516156849,45.236871609166535,16.572745709465266,2589680.639650674
19.366818436598894,1.1976482274043556,37.906937016416734,4.397267133799623,20076693.81865259
3.737713564187146,1.130009732938797,25.37099403609102,14.640979226641228,57594.78809201507
15.537573067168964,1.164935185378012,58.31736484227082,4.997103488851133,19581582.92896749
19.774091086295194,1.24747141547756,41.186388957824796,19.804097761915298,25025793.70309008
22.28884400875849,1.1952036258737533,29.675731764515568,11.69219614276221,17691588.077805284
10.525798471749965,1.1751776570291539,40.0241428461883,-1.7797235460560632,3779682.0348875206
21.067660702784284,1.178895255714007,47.18481330940431,-4.170846272215164,40335116.57708599
5.433898213014559,1.1918893536811974,23.04956871894258,17.33478410360651,140771.7697010311
21.6219504181594,1.2570033087674115,30.98815260191568,35.12065166430517,19496178.10622102
5.804750571303613,1.278416937788047,52.278619635359746,7.197884327884278,1145560.5335594213
11.74032039232808,1.2910669373007857,38.38659481610645,26.650005361131157,5574716.799174486
20.54049804715018,1.2573806772510592,41.86308568129179,22.93306774698835,32659562.876835868
6.298183401673024,1.1630813791496026,37.31264008837877,36.57774571547405,683808.1765859217
8.043530695118113,1.2376269412173084,21.755997705720205,31.049050864957046,481736.4456439502
18.88955650464746,1.1875206248110786,26.629991192806237,18.330262945273148,9262182.911479793
18.840803804013635,1.1509341244092104,37.821665549675636,22.85152491170537,19457334.014767066
17.10524792347654,1.2681743158851846,28.367418616317114,34.919323329201745,6953549.265373396
18.2668657782762,1.107685269792465,21.99916114638715,9.97593922934674,4953283.185814833
14.939937753647115,1.2803523984270848,53.74598656207295,6.339735292888868,17875930.481802464
8.539579295952962,1.192295492924947,59.24770116656463,-9.459445818240184,4249307.24233351
10.605311857086228,1.227440295361656,51.72571495986958,31.32755370957321,6910221.011712144
6.9951497696313645,1.2318707844411567,54.15139686818668,30.049035020168247,1826261.8054274328
22.985912349339824,1.2790235481413073,29.679085212681816,-4.777274094992431,16355053.316465098
15.83461948485465,1.2273339364334415,58.42507902052799,18.842869056635013,25050832.188563615
11.818731168800078,1.2227867169520124,27.877028178137135,13.199084908344368,2689299.1069026925
13.16412768017092,1.113330408112138,58.05719241447329,-4.0645452245444265,14170174.784117386
23.840233471459936,1.2036816043890408,59.79277175863804,39.02841135303618,95514468.69560647
6.373730868553764,1.1300338001634085,48.46891222984195,0.7347943731677713,1049507.5940554976
15.897056304369539,1.247486753744297,59.24574927167288,-6.638290995471943,24098227.808967024
14.129550935458251,1.202444384162535,42.781591182684146,19.74236897509548,10254281.91637764
16.45199317956225,1.2360455558416708,30.381671327043613,26.943333856651634,7314754.241976549
3.3984240440584914,1.108334580120477,37.47983542662483,-8.377827697640651,116953.21166748865
22.186725996771333,1.1169584032091606,43.74243741515144,22.93588193635111,38755944.165348284
23.50660221463947,1.2432646776125365,22.9232624810806,16.614593797572724,12555294.78273465
15.432930038962597,1.1144168671997348,44.89373058468985,-4.836749556247579,12175466.967616078
18.32631812529163,1.1142513455530518,59.24711347049178,-1.3738061526818974,37463444.84399505
23.294986385900504,1.1024216950469776,27.604305991349104,18.398714865804024,16280984.29223368
18.559249954894767,1.291300279659896,51.703804651535336,4.817880675664419,38534923.461184174
6.355858944113749,1.2475016718918015,56.31595175118478,36.9157864325658,1625429.120610948
15.678343923669889,1.170650281700413,57.74806371280883,30.937011474202542,21904116.831874475
16.347731020422827,1.159307116257531,58.40542417621789,39.17836032568315,32269716.089541055
12.330874768652492,1.16994064594917,40.85838554885888,2.983541947520699,5780480.542288302
19.201773183743903,1.2549307062362365,59.09231631966015,38.48618163989885,52480089.659549415
23.556074324918328,1.232274122214083,50.292408285377554,11.561693489577895,60101931.382629566
23.36250728394908,1.1370391135734936,26.466857449478475,7.375939765687733,16532888.28930333
12.918466170890905,1.1348218670668169,39.0760042587188,-7.482523651532338,6050707.314359759
5.491237008496616,1.1196791299426796,48.73324701488016,-7.361737107019869,560937.3499893313
24.66650637717136,1.2320605439402676,29.893612632763332,24.600562797332735,31186409.675731752
21.45575790181055,1.2528745324443473,45.624607341955496,12.896449721701394,45685254.66616522
5.74257898647187,1.153009285665001,46.66401916186477,1.326081301805285,717192.9194634815
23.25852141758219,1.1041889922061827,26.507989752342635,20.69851531626163,13644022.327721998
22.137719965366824,1.1164343334952855,42.60341249811025,2.642905912505558,35733744.22887585
14.414437256773587,1.2935720069690062,50.8650764391443,18.88158771722113,15881516.502676345
16.00805958638844,1.1590889554954842,39.95582658143768,7.960437349134516,12347843.56216823
11.778059485142865,1.2538446295676269,20.4841246710443,31.17761133059095,1376135.0582804622
4.204756054084689,1.2249327137708528,20.361538763171687,31.034808038338966,62305.02479123534
10.37433931620982,1.1763879279305793,34.28117375880049,13.867519906120066,2775661.0372441933
20.662775869156253,1.1411374524391111,57.04776273727128,7.5409554667507805,54387376.63523465
3.101904506101263,1.1242772836318813,29.14707118414435,8.127989827954728,40078.19728429673
10.336981777205171,1.2230025936077733,45.37454755486749,30.285726283410895,4963973.11600434
11.759711259000753,1.2549267561275577,28.88303482773282,6.408974139880598,3113076.4679954704
14.822703264634303,1.2287808507082263,32.866799586381944,0.4529686853423005,8930690.98197888
23.23682356108073,1.2060604266498318,53.92168358405936,-5.765582906234659,61346270.08213823
10.619611876051147,1.1083902446863274,49.15445769079788,13.33465604422042,5160437.154660001
10.63297044171701,1.293697755518877,23.815971092528425,14.106604945992093,1097142.8927280041
19.225027458414463,1.259742838330915,37.14808083945734,32.04543552014536,20476584.680161957
12.948794699575757,1.158564407340193,21.166790545810578,1.0619348223031988,1673218.3908628682
7.941306104679603,1.2959940658717701,39.23560586412036,9.049563683419997,1871376.6574326542
12.953669354919255,1.2203763179272644,46.49736046804272,30.42028694468455,8310615.145879921
6.098854448355597,1.2164845316414494,24.740104943926063,31.181180537448675,220504.8098424424
6.880513703136913,1.2496146358859064,31.55539755636663,9.23055379893841,606654.1756631682
13.964091000268555,1.2623539576180276,35.91346502008628,12.956201164334043,5588204.556520871
12.216359889100055,1.2312957214663005,56.78124098624199,5.164294542464146,12222789.7695984
23.1266098234982,1.1256191492732401,59.73020061691856,36.6277439209656,61912394.719746985
10.97266578056593,1.1676535011988998,21.796451959824633,-4.067811712920984,1154452.4967764113
15.772943706116957,1.28561672806521,50.44031693981568,36.6874711500735,15972408.889136918
16.90981433422967,1.1449231223687704,34.86896265609373,24.193322591767163,10234173.415290404
3.28807804494334,1.1744334047675027,35.6983274491792,16.57860763433656,97308.18338641338
17.597822184367633,1.1864153765888392,50.17059893388091,-8.367046960775205,26486154.29652119
6.916791271134532,1.1878809979388905,56.73705728581635,13.779809591100413,1816019.8826778184
24.14354698432801,1.222587916498905,58.037143780101935,10.387405250136613,90752373.0923025
6.2705800105684855,1.2886151675489415,43.08490344153283,-1.9390594012438722,928107.4603771803
12.121730721994522,1.1481385423665011,34.28484637202011,22.82048017503285,3954287.661820933
4.877692697730165,1.1243002752601836,51.50196343435117,38.55754536841429,469312.30289360206
24.93123354061084,1.1394940979719876,30.04005533049201,18.109440553226257,26513431.83105694
14.048290227287337,1.277384980041854,42.56296115334071,25.73766382219729,7352537.988688004
16.09847038104096,1.2291621625310412,34.34313846099492,-6.57747737169916,8902414.307260294
4.475682502545404,1.157181357847832,46.26524294831505,10.883349790849735,331793.7115865462
19.49913034878191,1.2631893877937235,29.615956515740276,-4.182075741775206,13720020.585696286
7.617923048102886,1.2722739992726873,27.66371782939303,20.63979177682552,677661.9485134223
22.757194367695703,1.2693028677380556,56.729563467017485,36.92410791070773,64994649.75752804
7.513072090604158,1.283785306727911,24.072147317981475,23.088886623581928,446746.0006718683
7.195129854600665,1.1504482040346724,40.23831630939726,-6.159847584278923,1111543.395685366
3.804092692658087,1.2510083857492558,28.834111318520357,7.733310249254142,89227.55920570884
13.385472792419984,1.192107899454828,21.5571985330267,17.533168972042578,1966131.2912214512
15.426504931777561,1.2683997105780123,21.440752731657057,10.160387806662612,3200793.119762004
4.445590067423752,1.2456981354323227,27.008870884233094,31.682200523758617,134141.14365346663
20.06160756729023,1.2552894892999449,54.67081418024001,30.733550235499457,45121764.70951918
12.972354364456608,1.2312323675362145,31.299149759081068,20.591551005161072,4099573.6021565613
14.536585925206762,1.1354857538939414,58.01836682301183,8.672897256635263,22444407.258441497
12.696780432641019,1.2090053837793877,43.26489171956774,2.766818688162207,6240236.158361912
11.816787339257171,1.2969339479049018,37.46456759075065,-4.7062840893435345,3844473.2762347776
15.312087288780793,1.287477613299424,43.20355338677818,7.7448841743277015,14613863.3336067
6.415285410475676,1.1086347471594025,40.66793540905071,10.658625860385975,708826.0985566645
7.002418870895965,1.1329629631458875,50.351050150293005,23.791146255203678,1499862.1200349287
21.95928366229738,1.1263457546909124,31.29984263891409,22.90799121487867,16920253.53803489
23.81454016693992,1.245195981997059,34.122015664012096,-6.494593017937152,29958592.96527011
11.212804958154564,1.263557065971389,55.76377210133003,9.762965771557887,10091717.448196886
8.956382809158182,1.1427022732621344,57.85826052601622,-0.9110566391319033,4663274.648930468
17.16798995125835,1.201170538590366,55.70232909945898,-2.1593647341597153,32177207.017302416
11.992151764158121,1.26814060560224,36.77791975829254,31.365107486862293,3988698.1976055945
3.558499824527587,1.2465603089532502,51.21462012027527,-7.904239164187123,204789.9213760058
6.435357142056188,1.2084474410983697,39.05342933204395,10.959143795106066,552526.1790825657
18.751389034642745,1.2180695380917546,39.90159408584409,-1.5898172116740898,18459398.93631357
17.49632672202333,1.201672109383256,28.187204362291357,33.9665107839237,8800967.226996109
3.596111835076637,1.1595096902637643,43.64521213034066,17.852025663751757,169690.1799247503
7.883387562524888,1.2130043985718033,27.445435910133916,1.5690318188424008,687595.1477223719
8.08364552493757,1.2377770604100182,33.262587962687746,15.121364358318822,1133774.2560774998
17.781640359172023,1.2746645831721617,54.201208064797406,26.574317985155794,30792919.087322257
3.4336318305960116,1.2272582707958497,28.28303236843421,37.90590044597169,63704.73483986898
5.290388803660624,1.2522243074086317,22.846331406937313,1.022300212270947,163661.74919455443
20.598153878210166,1.1320143269909146,22.76030370451265,34.309088606467256,6749474.093926609
6.9279825651953395,1.192311494883958,57.63138082012431,36.71520570837451,2130445.289976056
17.360414372741243,1.1018663239654187,40.276817518473386,35.82102722660331,16060395.715548728
8.240021183027984,1.1493357729043248,36.37648287268073,21.770717843095493,1281093.3336437084
5.1877106407055935,1.245292343022601,52.435143240316734,21.491032721735383,803480.9009242494
8.349788201987991,1.2983619902698726,53.43303711642064,10.16053165919114,4343788.468768583
18.889872500824502,1.1198356199174433,33.28764132462418,27.619894115189396,13000855.26723593
21.825322298338286,1.1802988631722577,47.744722298951814,16.564700917546595,45666566.96142375
21.264837020473816,1.260014193739832,50.84491263407546,23.871903561414726,45569955.11198747
11.738037651606007,1.1408071269257798,46.18602747463818,11.422895192439771,6294206.220433743
17.697873004554218,1.2110169898604572,26.063802992003975,26.574823202156956,7492933.305790196
7.509654499148061,1.246614259205935,55.03532334068228,31.22357588022745,2560798.435526196
9.44925006574229,1.223197090052036,41.563782109440346,-2.6781871698591946,2514951.033482663
22.719388007464634,1.1376049469230833,31.298897054800147,31.6464857787114,20952230.355923574
3.286042317236193,1.171076913737148,37.009127417507756,17.014826589515362,102473.19370713687
4.881187678798298,1.2567583568970795,21.502843615956294,32.233295454511214,110917.36935735641
7.573497613212601,1.2108453028264035,25.1146720488967,11.56508531705073,571271.2000093339
3.583708485224034,1.1010459227085827,50.62187002063443,8.952024269151753,199150.98583342915
6.9915795719755405,1.252198152005619,20.000465390214647,35.75303662586112,289070.30890890426
15.826914341333229,1.107062270988048,36.662633139291685,2.5584633774200647,9525552.418640507
12.271340113034954,1.2491467565462464,40.90040724342354,32.210616264307156,5488699.55217397
22.638777643693448,1.1404961120330475,22.185376800038892,14.201028625470205,10556590.589010615
20.9837583582457,1.2916146960238761,58.92312651889331,15.704772127562986,58629643.24900942
10.519981737353271,1.173588150260417,29.045013249986877,5.4234140744742,1696015.353590271
8.707315535488434,1.1653863232676158,32.16794878545123,18.652110030950784,1274192.1793368552
11.353232979679872,1.129777610066489,32.157700490201094,6.260559813810566,2765428.7795886807
15.98648873532577,1.161120843098043,29.216666484693995,-8.036529287917384,5604432.268989591
8.897400098103278,1.2753301523656402,20.058952883452456,3.599930267217802,627577.3825944283
16.731275972680947,1.2992668675254495,49.17379176351986,-9.681047829670465,24436006.769839182
12.00705634820729,1.1736619061013698,58.67381999197141,38.91773935284283,10212294.788089907
15.145037978743565,1.1897221261909086,28.971739331401803,38.287360490987375,4611263.968904895
12.594783640976967,1.2444141876405475,46.5218876721369,9.757764873615251,8329759.36460637
9.478246709922189,1.277239156093015,49.6758530783486,26.4185427169823,4027676.591833882
23.865972753167448,1.218608866837357,53.93701516362099,7.290304920521248,76556397.67545028
19.799327471514736,1.178305139635566,36.90516788054437,23.554657854298803,18855581.799374145
6.082489866861956,1.1825243681697248,32.11723622561717,30.271502152298957,344616.03340298455
22.10629546975408,1.2391236292993615,33.011805360921244,37.33781223461204,22025159.650197238
13.7234863614893,1.1006436527208558,48.50485332394051,10.0106137924836,10191789.51504088
22.680148991670013,1.2239178674919682,52.67117866022544,29.164899147802387,66166589.140959695
20.596815630840936,1.1710986020882714,27.264558710264104,3.2964225316059395,11114182.97348652
12.354697098323136,1.258839466255417,34.837640326310606,39.51661518968242,5285396.30380822
3.4943247830425825,1.1185981279646264,56.077607869966,-8.711520061782442,190687.91602440854
8.910901906468814,1.217640453389678,52.26774078778957,20.17644032505605,4181949.889696312
14.915952722539073,1.1961945779772247,59.39433611049903,22.97529908256636,21503630.464107063
16.93652083617524,1.2284651051810456,50.16993038728323,24.402277853706444,25624507.364679042
8.67352907953045,1.1129707188965938,35.72780804111689,-3.980621060545549,1467762.7309553332
6.065833629602131,1.2159967574856263,43.625513359785515,36.92648917365652,903800.8419754244
21.36846520958458,1.2122969175919047,46.44057016989281,-0.9408360474958606,38520023.519682296
24.656847975478147,1.2121320188832343,23.13823265268496,21.137670161992055,13601918.262371287
14.565184010659088,1.220697533319291,41.779878364154605,1.1338039561542477,11811240.014002144
6.776944288662677,1.2352935874452724,48.37283313890438,5.360820851063545,1397134.7016561576
8.990761183426116,1.260997799936154,26.692852160042413,17.322927086406217,1048408.8327776323
3.4045948840442684,1.153964144025643,51.22526869702229,10.859670928228823,210882.47758532682
23.11457374433098,1.2650098820360125,43.35091122056447,-1.9887199511746854,41358586.786024205
5.590523823583105,1.1996511364526907,58.08887142790378,-1.4531798789575863,1177170.350489236
15.683362461313578,1.1154116558268663,21.69689192827567,10.907239408139983,2994071.219502287
9.029214855118532,1.1117101858487959,30.61304550221868,27.86414891377504,1188765.4804589706
15.191916055347455,1.1668476637392122,44.06215517199296,34.89823234238943,12566979.620992055
17.33124854374101,1.2569793954222936,31.862396488237227,-5.793616887030858,8869559.513304615
21.254319681558435,1.2415361869481831,48.57696656284969,9.655195377970053,40744347.23962302
7.541267978733271,1.2577229929344813,50.36021130087724,-4.987721813856169,2439214.5306445756
3.2419082304865707,1.203453811288322,24.10063856265898,-9.170375968370106,40727.19606345279
6.01148386151376,1.188039799591098,40.55417856827071,23.085934132197828,662579.7877808525
22.800410120658313,1.129490505341257,40.355622223642236,20.12247209832939,35080917.334559485
22.225581706375337,1.1656385507218623,34.77123080862164,-1.8490443092556887,23589175.00576509
16.143088247746782,1.1868038732347752,57.31699450278688,1.6906416546532057,29259924.940783344
16.211370929540372,1.1177200859359235,53.10025279492885,-8.814612317774081,20668825.048118927
17.63080684001762,1.1441223905422424,47.888375276385474,31.747360284720187,23111224.63795633
6.8581681297158905,1.2196450588127479,48.573065429399904,38.73452980242757,1625133.1871685663
23.117062810349115,1.247132622847838,38.468645752524765,-3.2270231602654595,33029270.895051766
12.21295154762561,1.29966950227859,56.83978084386303,1.5737606882649064,13887748.397420144
11.429047621488944,1.2866226662687117,47.783817090131414,33.4204761973467,5834755.0931056645
14.416189516222426,1.2285130399070383,49.159242466232655,36.32318989780924,16249043.861156046
4.0332512690512115,1.1842496106588145,54.46763615149381,10.981369140340515,348587.35340593464
6.658234112633747,1.2272354729416466,30.962863573687642,-7.4688763865462935,532276.0357399823
19.23673956138015,1.2571303236160465,52.28283615466812,-8.030408315359029,31162562.43202394
4.821570694352783,1.1236672381846775,27.80962411825968,18.69749330345052,146049.04544371925
16.26934640826054,1.1819809779392578,33.813678089795516,9.644755444658951,8191112.635240074
8.397680412989061,1.2679604571271235,33.42441817079371,-8.567378621117275,1237672.5656854832
11.564503508923483,1.176766590386609,59.14101873556562,19.16261961562784,9861980.199112732
9.351262208955397,1.2143744542454373,54.26148894991707,-9.434873170548876,5032568.034214016
10.824799762228881,1.2175538721724397,48.04679446361039,29.368597907463645,5716369.585709673
18.819009914053403,1.136895250626728,49.082270464615604,5.321641135168578,29555663.77748994
9.53667774370985,1.1724470883304576,42.48291177610284,-7.987099849538395,2567092.9610521453
15.460902086531739,1.1669022577483865,57.88362668434076,19.417611049157667,20698040.932526797
13.473108848380193,1.105239341706413,39.85035011529446,9.884220721652735,7955711.578792965
17.60076563797826,1.104838352778271,35.22070839479578,38.690020667857475,10875405.841845628
23.610254265144675,1.2663394087351547,26.52141347726364,17.20993312518511,21464591.25018631
19.116586138625507,1.1546141619945625,51.44822609044232,3.7619590518504147,32722174.962596416
7.728688328996649,1.2036157532477632,49.377757283023655,25.471943231698738,2128566.3690353637
3.6860289713482626,1.1597451147177547,35.374201540965394,3.5746001271355663,126384.52485242725
8.769808974596152,1.288135849023068,21.007736558369174,35.212164570378256,678902.339429174
16.091714475405606,1.1518593517731548,53.55989310872043,8.73609852536882,21387808.925737657
4.131367896653508,1.185931362547787,20.456719338162944,17.49342813881026,52836.71353597361
13.9200574384272,1.2745460500969203,48.14799118516204,-7.471344808788557,12448568.832278388
16.130542676171565,1.2683867133583617,58.81028438904228,11.306061897611539,29899215.903399467
10.353365597973138,1.1372202835692555,37.50645312592814,31.61817698304975,3037392.9782565227
19.960068482408083,1.260528661959142,29.39893619983811,30.282440268167093,13614621.633756427
5.34516156894298,1.1916373773475786,48.19484040173527,1.2159279426763128,705060.799594485
4.653031198187793,1.1965937744170712,52.68512568062341,1.303953550528135,611705.4176823586
19.020152636479274,1.126695994483189,41.8572126431139,30.865265610661837,22149369.76199653
13.900808956536366,1.116120302751425,58.681411010245846,36.51992100846628,16721702.38174836
18.144852721410192,1.245587861394753,22.066748866318445,-5.231953936349822,4827062.491828737
12.566201449282417,1.19929223047106,40.19182393218112,12.502931971311263,4449967.5209479295
8.420844731260349,1.187370140523036,48.738157892902,6.872713948211448,2748266.5329125286
21.020250988832395,1.2459016457304795,54.505618845967156,33.53442277287197,53488702.719025105
20.587149337317545,1.253102579798222,27.170224476311603,-5.823754265999062,12026212.80909182
18.28332235879739,1.1317816335338708,52.00013927054726,0.5562971279018711,30095844.510587685
8.98719301905918,1.2220450298955283,42.10828302874181,27.623416879324715,2455744.0748025
15.985074671119916,1.1270708164555372,35.86214727959853,-7.435307550939221,10348948.123329984
10.941425732680589,1.2502750172058092,25.268601143163743,14.626769035714464,1656659.7431299025
5.014805613185951,1.231391031253428,54.6118303563565,12.105351733986002,673190.224424686
23.18089866016934,1.2913229242166917,26.290928327188613,6.720058949437433,19193830.142821282
6.010009880217151,1.1137916032712842,32.39151436836397,9.728615765946188,389832.56401178095
23.90522178405765,1.1114109442302509,31.601821278497475,16.497029346511646,25071632.392773617
12.812127005075027,1.15643741493864,54.85656136763417,-1.9316320805808438,10947575.07000506
